,Año,Trimestre,Provincia,Accesos por cada 100 hogares,Accesos por cada 100 hogares posterior,Variacion Trimestral
840,2014-01-01,1,Buenos Aires,"54,57","55,06","0,9"
816,2014-01-01,2,Buenos Aires,"55,06","56,75","3,07"
792,2014-01-01,3,Buenos Aires,"56,75","56,09","-1,16"
768,2014-01-01,4,Buenos Aires,"56,09","56,37","0,5"
744,2015-01-01,1,Buenos Aires,"56,37","56,8","0,76"
720,2015-01-01,2,Buenos Aires,"56,8","57,69","1,57"
696,2015-01-01,3,Buenos Aires,"57,69","58,29","1,04"
672,2015-01-01,4,Buenos Aires,"58,29","57,34","-1,63"
648,2016-01-01,1,Buenos Aires,"57,34","59,34","3,49"
624,2016-01-01,2,Buenos Aires,"59,34","60,14","1,35"
600,2016-01-01,3,Buenos Aires,"60,14","61,24","1,83"
576,2016-01-01,4,Buenos Aires,"61,24","58,57","-4,36"
552,2017-01-01,1,Buenos Aires,"58,57","56,27","-3,93"
528,2017-01-01,2,Buenos Aires,"56,27","55,63","-1,14"
504,2017-01-01,3,Buenos Aires,"55,63","57,61","3,56"
480,2017-01-01,4,Buenos Aires,"57,61","62,63","8,71"
456,2018-01-01,1,Buenos Aires,"62,63","62,78","0,24"
432,2018-01-01,2,Buenos Aires,"62,78","64,44","2,64"
408,2018-01-01,3,Buenos Aires,"64,44","64,6","0,25"
384,2018-01-01,4,Buenos Aires,"64,6","66,24","2,54"
360,2019-01-01,1,Buenos Aires,"66,24","67,85","2,43"
336,2019-01-01,2,Buenos Aires,"67,85","69,36","2,23"
312,2019-01-01,3,Buenos Aires,"69,36","64,25","-7,37"
288,2019-01-01,4,Buenos Aires,"64,25","64,33","0,12"
264,2020-01-01,1,Buenos Aires,"64,33","65,22","1,38"
240,2020-01-01,2,Buenos Aires,"65,22","67,66","3,74"
216,2020-01-01,3,Buenos Aires,"67,66","68,98","1,95"
192,2020-01-01,4,Buenos Aires,"68,98","69,11","0,19"
168,2021-01-01,1,Buenos Aires,"69,11","70,0","1,29"
144,2021-01-01,2,Buenos Aires,"70,0","71,68","2,4"
120,2021-01-01,3,Buenos Aires,"71,68","75,66","5,55"
96,2021-01-01,4,Buenos Aires,"75,66","76,08","0,56"
72,2022-01-01,1,Buenos Aires,"76,08","77,58","1,97"
48,2022-01-01,2,Buenos Aires,"77,58","78,11","0,68"
24,2022-01-01,3,Buenos Aires,"78,11","78,94","1,06"
0,2022-01-01,4,Buenos Aires,"78,94","112,25","42,2"
841,2014-01-01,1,Capital Federal,"112,25","113,14","0,79"
817,2014-01-01,2,Capital Federal,"113,14","113,8","0,58"
793,2014-01-01,3,Capital Federal,"113,8","114,9","0,97"
769,2014-01-01,4,Capital Federal,"114,9","114,9","0,0"
745,2015-01-01,1,Capital Federal,"114,9","116,07","1,02"
721,2015-01-01,2,Capital Federal,"116,07","118,29","1,91"
697,2015-01-01,3,Capital Federal,"118,29","118,13","-0,14"
673,2015-01-01,4,Capital Federal,"118,13","115,16","-2,51"
649,2016-01-01,1,Capital Federal,"115,16","120,04","4,24"
625,2016-01-01,2,Capital Federal,"120,04","120,77","0,61"
601,2016-01-01,3,Capital Federal,"120,77","120,63","-0,12"
577,2016-01-01,4,Capital Federal,"120,63","108,37","-10,16"
553,2017-01-01,1,Capital Federal,"108,37","124,06","14,48"
529,2017-01-01,2,Capital Federal,"124,06","121,86","-1,77"
505,2017-01-01,3,Capital Federal,"121,86","122,9","0,85"
481,2017-01-01,4,Capital Federal,"122,9","106,24","-13,56"
457,2018-01-01,1,Capital Federal,"106,24","106,53","0,27"
433,2018-01-01,2,Capital Federal,"106,53","108,45","1,8"
409,2018-01-01,3,Capital Federal,"108,45","108,27","-0,17"
385,2018-01-01,4,Capital Federal,"108,27","109,2","0,86"
361,2019-01-01,1,Capital Federal,"109,2","110,55","1,24"
337,2019-01-01,2,Capital Federal,"110,55","112,65","1,9"
313,2019-01-01,3,Capital Federal,"112,65","106,25","-5,68"
289,2019-01-01,4,Capital Federal,"106,25","105,98","-0,25"
265,2020-01-01,1,Capital Federal,"105,98","106,41","0,41"
241,2020-01-01,2,Capital Federal,"106,41","107,68","1,19"
217,2020-01-01,3,Capital Federal,"107,68","108,31","0,59"
193,2020-01-01,4,Capital Federal,"108,31","108,42","0,1"
169,2021-01-01,1,Capital Federal,"108,42","110,14","1,59"
145,2021-01-01,2,Capital Federal,"110,14","111,27","1,03"
121,2021-01-01,3,Capital Federal,"111,27","111,27","0,0"
97,2021-01-01,4,Capital Federal,"111,27","111,8","0,48"
73,2022-01-01,1,Capital Federal,"111,8","121,31","8,51"
49,2022-01-01,2,Capital Federal,"121,31","122,28","0,8"
25,2022-01-01,3,Capital Federal,"122,28","122,73","0,37"
1,2022-01-01,4,Capital Federal,"122,73","24,25","-80,24"
842,2014-01-01,1,Catamarca,"24,25","24,7","1,86"
818,2014-01-01,2,Catamarca,"24,7","24,71","0,04"
794,2014-01-01,3,Catamarca,"24,71","25,51","3,24"
770,2014-01-01,4,Catamarca,"25,51","25,11","-1,57"
746,2015-01-01,1,Catamarca,"25,11","25,45","1,35"
722,2015-01-01,2,Catamarca,"25,45","25,86","1,61"
698,2015-01-01,3,Catamarca,"25,86","26,24","1,47"
674,2015-01-01,4,Catamarca,"26,24","25,91","-1,26"
650,2016-01-01,1,Catamarca,"25,91","26,07","0,62"
626,2016-01-01,2,Catamarca,"26,07","26,48","1,57"
602,2016-01-01,3,Catamarca,"26,48","26,54","0,23"
578,2016-01-01,4,Catamarca,"26,54","25,66","-3,32"
554,2017-01-01,1,Catamarca,"25,66","25,98","1,25"
530,2017-01-01,2,Catamarca,"25,98","32,49","25,06"
506,2017-01-01,3,Catamarca,"32,49","28,62","-11,91"
482,2017-01-01,4,Catamarca,"28,62","32,79","14,57"
458,2018-01-01,1,Catamarca,"32,79","32,86","0,21"
434,2018-01-01,2,Catamarca,"32,86","32,92","0,18"
410,2018-01-01,3,Catamarca,"32,92","32,23","-2,1"
386,2018-01-01,4,Catamarca,"32,23","32,19","-0,12"
362,2019-01-01,1,Catamarca,"32,19","32,13","-0,19"
338,2019-01-01,2,Catamarca,"32,13","30,88","-3,89"
314,2019-01-01,3,Catamarca,"30,88","36,44","18,01"
290,2019-01-01,4,Catamarca,"36,44","37,62","3,24"
266,2020-01-01,1,Catamarca,"37,62","45,43","20,76"
242,2020-01-01,2,Catamarca,"45,43","47,16","3,81"
218,2020-01-01,3,Catamarca,"47,16","49,41","4,77"
194,2020-01-01,4,Catamarca,"49,41","48,9","-1,03"
170,2021-01-01,1,Catamarca,"48,9","52,34","7,03"
146,2021-01-01,2,Catamarca,"52,34","52,71","0,71"
122,2021-01-01,3,Catamarca,"52,71","55,25","4,82"
98,2021-01-01,4,Catamarca,"55,25","58,21","5,36"
74,2022-01-01,1,Catamarca,"58,21","62,4","7,2"
50,2022-01-01,2,Catamarca,"62,4","65,33","4,7"
26,2022-01-01,3,Catamarca,"65,33","65,77","0,67"
2,2022-01-01,4,Catamarca,"65,77","20,72","-68,5"
843,2014-01-01,1,Chaco,"20,72","20,96","1,16"
819,2014-01-01,2,Chaco,"20,96","21,11","0,72"
795,2014-01-01,3,Chaco,"21,11","21,87","3,6"
771,2014-01-01,4,Chaco,"21,87","26,65","21,86"
747,2015-01-01,1,Chaco,"26,65","27,46","3,04"
723,2015-01-01,2,Chaco,"27,46","27,96","1,82"
699,2015-01-01,3,Chaco,"27,96","28,35","1,39"
675,2015-01-01,4,Chaco,"28,35","28,08","-0,95"
651,2016-01-01,1,Chaco,"28,08","28,59","1,82"
627,2016-01-01,2,Chaco,"28,59","28,91","1,12"
603,2016-01-01,3,Chaco,"28,91","28,79","-0,42"
579,2016-01-01,4,Chaco,"28,79","28,62","-0,59"
555,2017-01-01,1,Chaco,"28,62","29,05","1,5"
531,2017-01-01,2,Chaco,"29,05","29,98","3,2"
507,2017-01-01,3,Chaco,"29,98","30,81","2,77"
483,2017-01-01,4,Chaco,"30,81","30,83","0,06"
459,2018-01-01,1,Chaco,"30,83","31,25","1,36"
435,2018-01-01,2,Chaco,"31,25","32,28","3,3"
411,2018-01-01,3,Chaco,"32,28","32,59","0,96"
387,2018-01-01,4,Chaco,"32,59","32,64","0,15"
363,2019-01-01,1,Chaco,"32,64","34,14","4,6"
339,2019-01-01,2,Chaco,"34,14","35,85","5,01"
315,2019-01-01,3,Chaco,"35,85","36,84","2,76"
291,2019-01-01,4,Chaco,"36,84","37,48","1,74"
267,2020-01-01,1,Chaco,"37,48","39,83","6,27"
243,2020-01-01,2,Chaco,"39,83","41,54","4,29"
219,2020-01-01,3,Chaco,"41,54","43,03","3,59"
195,2020-01-01,4,Chaco,"43,03","43,14","0,26"
171,2021-01-01,1,Chaco,"43,14","43,33","0,44"
147,2021-01-01,2,Chaco,"43,33","42,96","-0,85"
123,2021-01-01,3,Chaco,"42,96","44,05","2,54"
99,2021-01-01,4,Chaco,"44,05","44,06","0,02"
75,2022-01-01,1,Chaco,"44,06","43,79","-0,61"
51,2022-01-01,2,Chaco,"43,79","43,86","0,16"
27,2022-01-01,3,Chaco,"43,86","43,62","-0,55"
3,2022-01-01,4,Chaco,"43,62","41,24","-5,46"
844,2014-01-01,1,Chubut,"41,24","41,41","0,41"
820,2014-01-01,2,Chubut,"41,41","40,6","-1,96"
796,2014-01-01,3,Chubut,"40,6","40,25","-0,86"
772,2014-01-01,4,Chubut,"40,25","37,61","-6,56"
748,2015-01-01,1,Chubut,"37,61","36,58","-2,74"
724,2015-01-01,2,Chubut,"36,58","36,81","0,63"
700,2015-01-01,3,Chubut,"36,81","36,89","0,22"
676,2015-01-01,4,Chubut,"36,89","36,09","-2,17"
652,2016-01-01,1,Chubut,"36,09","36,12","0,08"
628,2016-01-01,2,Chubut,"36,12","36,18","0,17"
604,2016-01-01,3,Chubut,"36,18","36,07","-0,3"
580,2016-01-01,4,Chubut,"36,07","35,66","-1,14"
556,2017-01-01,1,Chubut,"35,66","35,55","-0,31"
532,2017-01-01,2,Chubut,"35,55","46,22","30,01"
508,2017-01-01,3,Chubut,"46,22","51,46","11,34"
484,2017-01-01,4,Chubut,"51,46","53,72","4,39"
460,2018-01-01,1,Chubut,"53,72","54,9","2,2"
436,2018-01-01,2,Chubut,"54,9","56,39","2,71"
412,2018-01-01,3,Chubut,"56,39","42,61","-24,44"
388,2018-01-01,4,Chubut,"42,61","43,0","0,92"
364,2019-01-01,1,Chubut,"43,0","46,99","9,28"
340,2019-01-01,2,Chubut,"46,99","47,57","1,23"
316,2019-01-01,3,Chubut,"47,57","51,15","7,53"
292,2019-01-01,4,Chubut,"51,15","51,27","0,23"
268,2020-01-01,1,Chubut,"51,27","57,34","11,84"
244,2020-01-01,2,Chubut,"57,34","68,34","19,18"
220,2020-01-01,3,Chubut,"68,34","68,35","0,01"
196,2020-01-01,4,Chubut,"68,35","68,99","0,94"
172,2021-01-01,1,Chubut,"68,99","72,29","4,78"
148,2021-01-01,2,Chubut,"72,29","80,71","11,65"
124,2021-01-01,3,Chubut,"80,71","82,57","2,3"
100,2021-01-01,4,Chubut,"82,57","88,05","6,64"
76,2022-01-01,1,Chubut,"88,05","83,19","-5,52"
52,2022-01-01,2,Chubut,"83,19","84,38","1,43"
28,2022-01-01,3,Chubut,"84,38","85,57","1,41"
4,2022-01-01,4,Chubut,"85,57","22,32","-73,92"
846,2014-01-01,1,Corrientes,"22,32","22,58","1,16"
822,2014-01-01,2,Corrientes,"22,58","22,79","0,93"
798,2014-01-01,3,Corrientes,"22,79","23,56","3,38"
774,2014-01-01,4,Corrientes,"23,56","28,95","22,88"
750,2015-01-01,1,Corrientes,"28,95","29,58","2,18"
726,2015-01-01,2,Corrientes,"29,58","30,17","1,99"
702,2015-01-01,3,Corrientes,"30,17","30,34","0,56"
678,2015-01-01,4,Corrientes,"30,34","30,08","-0,86"
654,2016-01-01,1,Corrientes,"30,08","30,58","1,66"
630,2016-01-01,2,Corrientes,"30,58","31,07","1,6"
606,2016-01-01,3,Corrientes,"31,07","30,98","-0,29"
582,2016-01-01,4,Corrientes,"30,98","30,94","-0,13"
558,2017-01-01,1,Corrientes,"30,94","31,39","1,45"
534,2017-01-01,2,Corrientes,"31,39","32,17","2,48"
510,2017-01-01,3,Corrientes,"32,17","32,52","1,09"
486,2017-01-01,4,Corrientes,"32,52","32,66","0,43"
462,2018-01-01,1,Corrientes,"32,66","33,81","3,52"
438,2018-01-01,2,Corrientes,"33,81","34,25","1,3"
414,2018-01-01,3,Corrientes,"34,25","34,57","0,93"
390,2018-01-01,4,Corrientes,"34,57","35,13","1,62"
366,2019-01-01,1,Corrientes,"35,13","38,16","8,63"
342,2019-01-01,2,Corrientes,"38,16","38,49","0,86"
318,2019-01-01,3,Corrientes,"38,49","38,77","0,73"
294,2019-01-01,4,Corrientes,"38,77","38,73","-0,1"
270,2020-01-01,1,Corrientes,"38,73","40,3","4,05"
246,2020-01-01,2,Corrientes,"40,3","41,75","3,6"
222,2020-01-01,3,Corrientes,"41,75","42,43","1,63"
198,2020-01-01,4,Corrientes,"42,43","42,66","0,54"
174,2021-01-01,1,Corrientes,"42,66","43,54","2,06"
150,2021-01-01,2,Corrientes,"43,54","44,9","3,12"
126,2021-01-01,3,Corrientes,"44,9","45,51","1,36"
102,2021-01-01,4,Corrientes,"45,51","47,64","4,68"
78,2022-01-01,1,Corrientes,"47,64","48,35","1,49"
54,2022-01-01,2,Corrientes,"48,35","48,21","-0,29"
30,2022-01-01,3,Corrientes,"48,21","51,64","7,11"
6,2022-01-01,4,Corrientes,"51,64","52,52","1,7"
845,2014-01-01,1,Córdoba,"52,52","53,45","1,77"
821,2014-01-01,2,Córdoba,"53,45","54,23","1,46"
797,2014-01-01,3,Córdoba,"54,23","54,7","0,87"
773,2014-01-01,4,Córdoba,"54,7","54,7","0,0"
749,2015-01-01,1,Córdoba,"54,7","55,87","2,14"
725,2015-01-01,2,Córdoba,"55,87","57,08","2,17"
701,2015-01-01,3,Córdoba,"57,08","57,36","0,49"
677,2015-01-01,4,Córdoba,"57,36","55,28","-3,63"
653,2016-01-01,1,Córdoba,"55,28","57,55","4,11"
629,2016-01-01,2,Córdoba,"57,55","58,24","1,2"
605,2016-01-01,3,Córdoba,"58,24","57,7","-0,93"
581,2016-01-01,4,Córdoba,"57,7","57,65","-0,09"
557,2017-01-01,1,Córdoba,"57,65","58,97","2,29"
533,2017-01-01,2,Córdoba,"58,97","62,31","5,66"
509,2017-01-01,3,Córdoba,"62,31","63,33","1,64"
485,2017-01-01,4,Córdoba,"63,33","63,52","0,3"
461,2018-01-01,1,Córdoba,"63,52","63,27","-0,39"
437,2018-01-01,2,Córdoba,"63,27","64,24","1,53"
413,2018-01-01,3,Córdoba,"64,24","65,09","1,32"
389,2018-01-01,4,Córdoba,"65,09","65,52","0,66"
365,2019-01-01,1,Córdoba,"65,52","68,07","3,89"
341,2019-01-01,2,Córdoba,"68,07","68,59","0,76"
317,2019-01-01,3,Córdoba,"68,59","70,48","2,76"
293,2019-01-01,4,Córdoba,"70,48","70,69","0,3"
269,2020-01-01,1,Córdoba,"70,69","72,71","2,86"
245,2020-01-01,2,Córdoba,"72,71","75,22","3,45"
221,2020-01-01,3,Córdoba,"75,22","78,08","3,8"
197,2020-01-01,4,Córdoba,"78,08","78,59","0,65"
173,2021-01-01,1,Córdoba,"78,59","80,12","1,95"
149,2021-01-01,2,Córdoba,"80,12","81,28","1,45"
125,2021-01-01,3,Córdoba,"81,28","84,51","3,97"
101,2021-01-01,4,Córdoba,"84,51","85,76","1,48"
77,2022-01-01,1,Córdoba,"85,76","87,48","2,01"
53,2022-01-01,2,Córdoba,"87,48","88,31","0,95"
29,2022-01-01,3,Córdoba,"88,31","89,03","0,82"
5,2022-01-01,4,Córdoba,"89,03","34,37","-61,4"
847,2014-01-01,1,Entre Ríos,"34,37","34,69","0,93"
823,2014-01-01,2,Entre Ríos,"34,69","34,98","0,84"
799,2014-01-01,3,Entre Ríos,"34,98","36,03","3,0"
775,2014-01-01,4,Entre Ríos,"36,03","42,07","16,76"
751,2015-01-01,1,Entre Ríos,"42,07","42,93","2,04"
727,2015-01-01,2,Entre Ríos,"42,93","43,68","1,75"
703,2015-01-01,3,Entre Ríos,"43,68","44,11","0,98"
679,2015-01-01,4,Entre Ríos,"44,11","43,85","-0,59"
655,2016-01-01,1,Entre Ríos,"43,85","44,74","2,03"
631,2016-01-01,2,Entre Ríos,"44,74","45,44","1,56"
607,2016-01-01,3,Entre Ríos,"45,44","45,21","-0,51"
583,2016-01-01,4,Entre Ríos,"45,21","44,91","-0,66"
559,2017-01-01,1,Entre Ríos,"44,91","45,39","1,07"
535,2017-01-01,2,Entre Ríos,"45,39","45,96","1,26"
511,2017-01-01,3,Entre Ríos,"45,96","47,89","4,2"
487,2017-01-01,4,Entre Ríos,"47,89","48,68","1,65"
463,2018-01-01,1,Entre Ríos,"48,68","49,2","1,07"
439,2018-01-01,2,Entre Ríos,"49,2","50,22","2,07"
415,2018-01-01,3,Entre Ríos,"50,22","54,37","8,26"
391,2018-01-01,4,Entre Ríos,"54,37","56,79","4,45"
367,2019-01-01,1,Entre Ríos,"56,79","57,48","1,22"
343,2019-01-01,2,Entre Ríos,"57,48","57,9","0,73"
319,2019-01-01,3,Entre Ríos,"57,9","57,99","0,16"
295,2019-01-01,4,Entre Ríos,"57,99","56,12","-3,22"
271,2020-01-01,1,Entre Ríos,"56,12","56,54","0,75"
247,2020-01-01,2,Entre Ríos,"56,54","58,19","2,92"
223,2020-01-01,3,Entre Ríos,"58,19","59,47","2,2"
199,2020-01-01,4,Entre Ríos,"59,47","60,44","1,63"
175,2021-01-01,1,Entre Ríos,"60,44","61,66","2,02"
151,2021-01-01,2,Entre Ríos,"61,66","62,18","0,84"
127,2021-01-01,3,Entre Ríos,"62,18","63,16","1,58"
103,2021-01-01,4,Entre Ríos,"63,16","63,7","0,85"
79,2022-01-01,1,Entre Ríos,"63,7","63,9","0,31"
55,2022-01-01,2,Entre Ríos,"63,9","63,67","-0,36"
31,2022-01-01,3,Entre Ríos,"63,67","64,01","0,53"
7,2022-01-01,4,Entre Ríos,"64,01","17,42","-72,79"
848,2014-01-01,1,Formosa,"17,42","17,54","0,69"
824,2014-01-01,2,Formosa,"17,54","17,77","1,31"
800,2014-01-01,3,Formosa,"17,77","17,96","1,07"
776,2014-01-01,4,Formosa,"17,96","18,12","0,89"
752,2015-01-01,1,Formosa,"18,12","18,36","1,32"
728,2015-01-01,2,Formosa,"18,36","18,84","2,61"
704,2015-01-01,3,Formosa,"18,84","19,07","1,22"
680,2015-01-01,4,Formosa,"19,07","19,04","-0,16"
656,2016-01-01,1,Formosa,"19,04","19,37","1,73"
632,2016-01-01,2,Formosa,"19,37","18,64","-3,77"
608,2016-01-01,3,Formosa,"18,64","19,85","6,49"
584,2016-01-01,4,Formosa,"19,85","19,84","-0,05"
560,2017-01-01,1,Formosa,"19,84","19,97","0,66"
536,2017-01-01,2,Formosa,"19,97","21,35","6,91"
512,2017-01-01,3,Formosa,"21,35","21,27","-0,37"
488,2017-01-01,4,Formosa,"21,27","21,4","0,61"
464,2018-01-01,1,Formosa,"21,4","29,43","37,52"
440,2018-01-01,2,Formosa,"29,43","29,58","0,51"
416,2018-01-01,3,Formosa,"29,58","29,74","0,54"
392,2018-01-01,4,Formosa,"29,74","29,68","-0,2"
368,2019-01-01,1,Formosa,"29,68","30,42","2,49"
344,2019-01-01,2,Formosa,"30,42","30,11","-1,02"
320,2019-01-01,3,Formosa,"30,11","30,47","1,2"
296,2019-01-01,4,Formosa,"30,47","30,23","-0,79"
272,2020-01-01,1,Formosa,"30,23","31,14","3,01"
248,2020-01-01,2,Formosa,"31,14","31,91","2,47"
224,2020-01-01,3,Formosa,"31,91","32,49","1,82"
200,2020-01-01,4,Formosa,"32,49","32,73","0,74"
176,2021-01-01,1,Formosa,"32,73","33,23","1,53"
152,2021-01-01,2,Formosa,"33,23","33,96","2,2"
128,2021-01-01,3,Formosa,"33,96","34,45","1,44"
104,2021-01-01,4,Formosa,"34,45","34,96","1,48"
80,2022-01-01,1,Formosa,"34,96","43,42","24,2"
56,2022-01-01,2,Formosa,"43,42","43,76","0,78"
32,2022-01-01,3,Formosa,"43,76","39,41","-9,94"
8,2022-01-01,4,Formosa,"39,41","18,42","-53,26"
849,2014-01-01,1,Jujuy,"18,42","18,71","1,57"
825,2014-01-01,2,Jujuy,"18,71","18,37","-1,82"
801,2014-01-01,3,Jujuy,"18,37","19,6","6,7"
777,2014-01-01,4,Jujuy,"19,6","19,69","0,46"
753,2015-01-01,1,Jujuy,"19,69","20,29","3,05"
729,2015-01-01,2,Jujuy,"20,29","21,27","4,83"
705,2015-01-01,3,Jujuy,"21,27","21,47","0,94"
681,2015-01-01,4,Jujuy,"21,47","21,41","-0,28"
657,2016-01-01,1,Jujuy,"21,41","21,89","2,24"
633,2016-01-01,2,Jujuy,"21,89","22,61","3,29"
609,2016-01-01,3,Jujuy,"22,61","22,65","0,18"
585,2016-01-01,4,Jujuy,"22,65","22,76","0,49"
561,2017-01-01,1,Jujuy,"22,76","22,4","-1,58"
537,2017-01-01,2,Jujuy,"22,4","22,65","1,12"
513,2017-01-01,3,Jujuy,"22,65","22,74","0,4"
489,2017-01-01,4,Jujuy,"22,74","23,12","1,67"
465,2018-01-01,1,Jujuy,"23,12","23,43","1,34"
441,2018-01-01,2,Jujuy,"23,43","23,26","-0,73"
417,2018-01-01,3,Jujuy,"23,26","46,53","100,04"
393,2018-01-01,4,Jujuy,"46,53","46,41","-0,26"
369,2019-01-01,1,Jujuy,"46,41","44,51","-4,09"
345,2019-01-01,2,Jujuy,"44,51","44,32","-0,43"
321,2019-01-01,3,Jujuy,"44,32","45,38","2,39"
297,2019-01-01,4,Jujuy,"45,38","46,67","2,84"
273,2020-01-01,1,Jujuy,"46,67","47,89","2,61"
249,2020-01-01,2,Jujuy,"47,89","54,04","12,84"
225,2020-01-01,3,Jujuy,"54,04","53,46","-1,07"
201,2020-01-01,4,Jujuy,"53,46","55,63","4,06"
177,2021-01-01,1,Jujuy,"55,63","56,18","0,99"
153,2021-01-01,2,Jujuy,"56,18","55,69","-0,87"
129,2021-01-01,3,Jujuy,"55,69","56,92","2,21"
105,2021-01-01,4,Jujuy,"56,92","58,06","2,0"
81,2022-01-01,1,Jujuy,"58,06","57,32","-1,27"
57,2022-01-01,2,Jujuy,"57,32","58,91","2,77"
33,2022-01-01,3,Jujuy,"58,91","58,46","-0,76"
9,2022-01-01,4,Jujuy,"58,46","48,43","-17,16"
850,2014-01-01,1,La Pampa,"48,43","49,71","2,64"
826,2014-01-01,2,La Pampa,"49,71","55,78","12,21"
802,2014-01-01,3,La Pampa,"55,78","51,27","-8,09"
778,2014-01-01,4,La Pampa,"51,27","55,51","8,27"
754,2015-01-01,1,La Pampa,"55,51","56,71","2,16"
730,2015-01-01,2,La Pampa,"56,71","57,96","2,2"
706,2015-01-01,3,La Pampa,"57,96","58,76","1,38"
682,2015-01-01,4,La Pampa,"58,76","57,84","-1,57"
658,2016-01-01,1,La Pampa,"57,84","60,44","4,5"
634,2016-01-01,2,La Pampa,"60,44","61,73","2,13"
610,2016-01-01,3,La Pampa,"61,73","63,02","2,09"
586,2016-01-01,4,La Pampa,"63,02","62,67","-0,56"
562,2017-01-01,1,La Pampa,"62,67","63,49","1,31"
538,2017-01-01,2,La Pampa,"63,49","69,14","8,9"
514,2017-01-01,3,La Pampa,"69,14","71,05","2,76"
490,2017-01-01,4,La Pampa,"71,05","71,75","0,99"
466,2018-01-01,1,La Pampa,"71,75","71,04","-0,99"
442,2018-01-01,2,La Pampa,"71,04","71,75","1,0"
418,2018-01-01,3,La Pampa,"71,75","73,49","2,43"
394,2018-01-01,4,La Pampa,"73,49","76,35","3,89"
370,2019-01-01,1,La Pampa,"76,35","77,08","0,96"
346,2019-01-01,2,La Pampa,"77,08","77,45","0,48"
322,2019-01-01,3,La Pampa,"77,45","76,92","-0,68"
298,2019-01-01,4,La Pampa,"76,92","75,77","-1,5"
274,2020-01-01,1,La Pampa,"75,77","76,1","0,44"
250,2020-01-01,2,La Pampa,"76,1","79,26","4,15"
226,2020-01-01,3,La Pampa,"79,26","81,77","3,17"
202,2020-01-01,4,La Pampa,"81,77","81,78","0,01"
178,2021-01-01,1,La Pampa,"81,78","82,08","0,37"
154,2021-01-01,2,La Pampa,"82,08","84,28","2,68"
130,2021-01-01,3,La Pampa,"84,28","89,57","6,28"
106,2021-01-01,4,La Pampa,"89,57","91,66","2,33"
82,2022-01-01,1,La Pampa,"91,66","92,98","1,44"
58,2022-01-01,2,La Pampa,"92,98","96,59","3,88"
34,2022-01-01,3,La Pampa,"96,59","94,8","-1,85"
10,2022-01-01,4,La Pampa,"94,8","16,29","-82,82"
851,2014-01-01,1,La Rioja,"16,29","16,5","1,29"
827,2014-01-01,2,La Rioja,"16,5","16,51","0,06"
803,2014-01-01,3,La Rioja,"16,51","17,01","3,03"
779,2014-01-01,4,La Rioja,"17,01","16,7","-1,82"
755,2015-01-01,1,La Rioja,"16,7","16,88","1,08"
731,2015-01-01,2,La Rioja,"16,88","17,15","1,6"
707,2015-01-01,3,La Rioja,"17,15","17,32","0,99"
683,2015-01-01,4,La Rioja,"17,32","16,83","-2,83"
659,2016-01-01,1,La Rioja,"16,83","16,88","0,3"
635,2016-01-01,2,La Rioja,"16,88","17,07","1,13"
611,2016-01-01,3,La Rioja,"17,07","16,46","-3,57"
587,2016-01-01,4,La Rioja,"16,46","16,2","-1,58"
563,2017-01-01,1,La Rioja,"16,2","16,2","0,0"
539,2017-01-01,2,La Rioja,"16,2","51,47","217,72"
515,2017-01-01,3,La Rioja,"51,47","51,57","0,19"
491,2017-01-01,4,La Rioja,"51,57","51,44","-0,25"
467,2018-01-01,1,La Rioja,"51,44","50,98","-0,89"
443,2018-01-01,2,La Rioja,"50,98","50,73","-0,49"
419,2018-01-01,3,La Rioja,"50,73","50,35","-0,75"
395,2018-01-01,4,La Rioja,"50,35","50,18","-0,34"
371,2019-01-01,1,La Rioja,"50,18","48,7","-2,95"
347,2019-01-01,2,La Rioja,"48,7","47,94","-1,56"
323,2019-01-01,3,La Rioja,"47,94","47,14","-1,67"
299,2019-01-01,4,La Rioja,"47,14","46,35","-1,68"
275,2020-01-01,1,La Rioja,"46,35","49,84","7,53"
251,2020-01-01,2,La Rioja,"49,84","50,12","0,56"
227,2020-01-01,3,La Rioja,"50,12","50,11","-0,02"
203,2020-01-01,4,La Rioja,"50,11","49,81","-0,6"
179,2021-01-01,1,La Rioja,"49,81","76,98","54,55"
155,2021-01-01,2,La Rioja,"76,98","77,26","0,36"
131,2021-01-01,3,La Rioja,"77,26","77,92","0,85"
107,2021-01-01,4,La Rioja,"77,92","78,77","1,09"
83,2022-01-01,1,La Rioja,"78,77","80,14","1,74"
59,2022-01-01,2,La Rioja,"80,14","80,66","0,65"
35,2022-01-01,3,La Rioja,"80,66","79,86","-0,99"
11,2022-01-01,4,La Rioja,"79,86","31,91","-60,04"
852,2014-01-01,1,Mendoza,"31,91","32,1","0,6"
828,2014-01-01,2,Mendoza,"32,1","32,31","0,65"
804,2014-01-01,3,Mendoza,"32,31","32,64","1,02"
780,2014-01-01,4,Mendoza,"32,64","32,37","-0,83"
756,2015-01-01,1,Mendoza,"32,37","32,49","0,37"
732,2015-01-01,2,Mendoza,"32,49","32,49","0,0"
708,2015-01-01,3,Mendoza,"32,49","32,49","0,0"
684,2015-01-01,4,Mendoza,"32,49","32,12","-1,14"
660,2016-01-01,1,Mendoza,"32,12","32,13","0,03"
636,2016-01-01,2,Mendoza,"32,13","32,09","-0,12"
612,2016-01-01,3,Mendoza,"32,09","32,11","0,06"
588,2016-01-01,4,Mendoza,"32,11","31,84","-0,84"
564,2017-01-01,1,Mendoza,"31,84","31,76","-0,25"
540,2017-01-01,2,Mendoza,"31,76","35,7","12,41"
516,2017-01-01,3,Mendoza,"35,7","33,33","-6,64"
492,2017-01-01,4,Mendoza,"33,33","37,07","11,22"
468,2018-01-01,1,Mendoza,"37,07","36,97","-0,27"
444,2018-01-01,2,Mendoza,"36,97","37,99","2,76"
420,2018-01-01,3,Mendoza,"37,99","37,76","-0,61"
396,2018-01-01,4,Mendoza,"37,76","37,66","-0,26"
372,2019-01-01,1,Mendoza,"37,66","40,75","8,2"
348,2019-01-01,2,Mendoza,"40,75","40,74","-0,02"
324,2019-01-01,3,Mendoza,"40,74","33,65","-17,4"
300,2019-01-01,4,Mendoza,"33,65","33,14","-1,52"
276,2020-01-01,1,Mendoza,"33,14","36,25","9,38"
252,2020-01-01,2,Mendoza,"36,25","37,35","3,03"
228,2020-01-01,3,Mendoza,"37,35","38,63","3,43"
204,2020-01-01,4,Mendoza,"38,63","39,15","1,35"
180,2021-01-01,1,Mendoza,"39,15","40,97","4,65"
156,2021-01-01,2,Mendoza,"40,97","45,55","11,18"
132,2021-01-01,3,Mendoza,"45,55","47,51","4,3"
108,2021-01-01,4,Mendoza,"47,51","48,74","2,59"
84,2022-01-01,1,Mendoza,"48,74","49,39","1,33"
60,2022-01-01,2,Mendoza,"49,39","51,03","3,32"
36,2022-01-01,3,Mendoza,"51,03","51,36","0,65"
12,2022-01-01,4,Mendoza,"51,36","23,14","-54,95"
853,2014-01-01,1,Misiones,"23,14","23,37","0,99"
829,2014-01-01,2,Misiones,"23,37","23,57","0,86"
805,2014-01-01,3,Misiones,"23,57","24,16","2,5"
781,2014-01-01,4,Misiones,"24,16","26,31","8,9"
757,2015-01-01,1,Misiones,"26,31","27,35","3,95"
733,2015-01-01,2,Misiones,"27,35","28,31","3,51"
709,2015-01-01,3,Misiones,"28,31","28,69","1,34"
685,2015-01-01,4,Misiones,"28,69","28,37","-1,12"
661,2016-01-01,1,Misiones,"28,37","29,24","3,07"
637,2016-01-01,2,Misiones,"29,24","29,91","2,29"
613,2016-01-01,3,Misiones,"29,91","29,72","-0,64"
589,2016-01-01,4,Misiones,"29,72","29,52","-0,67"
565,2017-01-01,1,Misiones,"29,52","30,09","1,93"
541,2017-01-01,2,Misiones,"30,09","30,21","0,4"
517,2017-01-01,3,Misiones,"30,21","31,14","3,08"
493,2017-01-01,4,Misiones,"31,14","30,96","-0,58"
469,2018-01-01,1,Misiones,"30,96","31,63","2,16"
445,2018-01-01,2,Misiones,"31,63","32,1","1,49"
421,2018-01-01,3,Misiones,"32,1","34,45","7,32"
397,2018-01-01,4,Misiones,"34,45","36,26","5,25"
373,2019-01-01,1,Misiones,"36,26","39,15","7,97"
349,2019-01-01,2,Misiones,"39,15","39,33","0,46"
325,2019-01-01,3,Misiones,"39,33","39,79","1,17"
301,2019-01-01,4,Misiones,"39,79","39,02","-1,94"
277,2020-01-01,1,Misiones,"39,02","40,89","4,79"
253,2020-01-01,2,Misiones,"40,89","41,6","1,74"
229,2020-01-01,3,Misiones,"41,6","42,64","2,5"
205,2020-01-01,4,Misiones,"42,64","43,17","1,24"
181,2021-01-01,1,Misiones,"43,17","45,01","4,26"
157,2021-01-01,2,Misiones,"45,01","45,57","1,24"
133,2021-01-01,3,Misiones,"45,57","49,06","7,66"
109,2021-01-01,4,Misiones,"49,06","49,04","-0,04"
85,2022-01-01,1,Misiones,"49,04","51,0","4,0"
61,2022-01-01,2,Misiones,"51,0","51,82","1,61"
37,2022-01-01,3,Misiones,"51,82","52,85","1,99"
13,2022-01-01,4,Misiones,"52,85","49,79","-5,79"
854,2014-01-01,1,Neuquén,"49,79","50,84","2,11"
830,2014-01-01,2,Neuquén,"50,84","56,4","10,94"
806,2014-01-01,3,Neuquén,"56,4","52,55","-6,83"
782,2014-01-01,4,Neuquén,"52,55","51,95","-1,14"
758,2015-01-01,1,Neuquén,"51,95","53,12","2,25"
734,2015-01-01,2,Neuquén,"53,12","54,6","2,79"
710,2015-01-01,3,Neuquén,"54,6","58,29","6,76"
686,2015-01-01,4,Neuquén,"58,29","55,75","-4,36"
662,2016-01-01,1,Neuquén,"55,75","59,1","6,01"
638,2016-01-01,2,Neuquén,"59,1","60,21","1,88"
614,2016-01-01,3,Neuquén,"60,21","60,87","1,1"
590,2016-01-01,4,Neuquén,"60,87","61,02","0,25"
566,2017-01-01,1,Neuquén,"61,02","61,91","1,46"
542,2017-01-01,2,Neuquén,"61,91","60,83","-1,74"
518,2017-01-01,3,Neuquén,"60,83","61,24","0,67"
494,2017-01-01,4,Neuquén,"61,24","61,52","0,46"
470,2018-01-01,1,Neuquén,"61,52","60,24","-2,08"
446,2018-01-01,2,Neuquén,"60,24","60,49","0,42"
422,2018-01-01,3,Neuquén,"60,49","59,07","-2,35"
398,2018-01-01,4,Neuquén,"59,07","58,88","-0,32"
374,2019-01-01,1,Neuquén,"58,88","63,08","7,13"
350,2019-01-01,2,Neuquén,"63,08","64,14","1,68"
326,2019-01-01,3,Neuquén,"64,14","59,36","-7,45"
302,2019-01-01,4,Neuquén,"59,36","61,85","4,19"
278,2020-01-01,1,Neuquén,"61,85","63,9","3,31"
254,2020-01-01,2,Neuquén,"63,9","65,24","2,1"
230,2020-01-01,3,Neuquén,"65,24","67,0","2,7"
206,2020-01-01,4,Neuquén,"67,0","66,84","-0,24"
182,2021-01-01,1,Neuquén,"66,84","69,14","3,44"
158,2021-01-01,2,Neuquén,"69,14","69,71","0,82"
134,2021-01-01,3,Neuquén,"69,71","73,3","5,15"
110,2021-01-01,4,Neuquén,"73,3","74,17","1,19"
86,2022-01-01,1,Neuquén,"74,17","80,02","7,89"
62,2022-01-01,2,Neuquén,"80,02","80,37","0,44"
38,2022-01-01,3,Neuquén,"80,37","78,67","-2,12"
14,2022-01-01,4,Neuquén,"78,67","44,91","-42,91"
855,2014-01-01,1,Río Negro,"44,91","45,33","0,94"
831,2014-01-01,2,Río Negro,"45,33","46,2","1,92"
807,2014-01-01,3,Río Negro,"46,2","45,48","-1,56"
783,2014-01-01,4,Río Negro,"45,48","45,33","-0,33"
759,2015-01-01,1,Río Negro,"45,33","45,98","1,43"
735,2015-01-01,2,Río Negro,"45,98","46,39","0,89"
711,2015-01-01,3,Río Negro,"46,39","46,44","0,11"
687,2015-01-01,4,Río Negro,"46,44","45,84","-1,29"
663,2016-01-01,1,Río Negro,"45,84","46,24","0,87"
639,2016-01-01,2,Río Negro,"46,24","46,39","0,32"
615,2016-01-01,3,Río Negro,"46,39","46,39","0,0"
591,2016-01-01,4,Río Negro,"46,39","46,03","-0,78"
567,2017-01-01,1,Río Negro,"46,03","46,02","-0,02"
543,2017-01-01,2,Río Negro,"46,02","48,52","5,43"
519,2017-01-01,3,Río Negro,"48,52","49,38","1,77"
495,2017-01-01,4,Río Negro,"49,38","49,82","0,89"
471,2018-01-01,1,Río Negro,"49,82","50,15","0,66"
447,2018-01-01,2,Río Negro,"50,15","50,54","0,78"
423,2018-01-01,3,Río Negro,"50,54","51,86","2,61"
399,2018-01-01,4,Río Negro,"51,86","53,57","3,3"
375,2019-01-01,1,Río Negro,"53,57","61,09","14,04"
351,2019-01-01,2,Río Negro,"61,09","63,42","3,81"
327,2019-01-01,3,Río Negro,"63,42","55,71","-12,16"
303,2019-01-01,4,Río Negro,"55,71","55,12","-1,06"
279,2020-01-01,1,Río Negro,"55,12","56,37","2,27"
255,2020-01-01,2,Río Negro,"56,37","57,05","1,21"
231,2020-01-01,3,Río Negro,"57,05","61,09","7,08"
207,2020-01-01,4,Río Negro,"61,09","60,88","-0,34"
183,2021-01-01,1,Río Negro,"60,88","61,94","1,74"
159,2021-01-01,2,Río Negro,"61,94","61,97","0,05"
135,2021-01-01,3,Río Negro,"61,97","65,69","6,0"
111,2021-01-01,4,Río Negro,"65,69","67,04","2,06"
87,2022-01-01,1,Río Negro,"67,04","67,85","1,21"
63,2022-01-01,2,Río Negro,"67,85","67,98","0,19"
39,2022-01-01,3,Río Negro,"67,98","68,42","0,65"
15,2022-01-01,4,Río Negro,"68,42","28,7","-58,05"
856,2014-01-01,1,Salta,"28,7","28,91","0,73"
832,2014-01-01,2,Salta,"28,91","29,22","1,07"
808,2014-01-01,3,Salta,"29,22","29,53","1,06"
784,2014-01-01,4,Salta,"29,53","30,01","1,63"
760,2015-01-01,1,Salta,"30,01","30,46","1,5"
736,2015-01-01,2,Salta,"30,46","31,18","2,36"
712,2015-01-01,3,Salta,"31,18","31,59","1,31"
688,2015-01-01,4,Salta,"31,59","31,32","-0,85"
664,2016-01-01,1,Salta,"31,32","32,08","2,43"
640,2016-01-01,2,Salta,"32,08","32,96","2,74"
616,2016-01-01,3,Salta,"32,96","32,69","-0,82"
592,2016-01-01,4,Salta,"32,69","32,58","-0,34"
568,2017-01-01,1,Salta,"32,58","32,74","0,49"
544,2017-01-01,2,Salta,"32,74","39,84","21,69"
520,2017-01-01,3,Salta,"39,84","39,8","-0,1"
496,2017-01-01,4,Salta,"39,8","39,78","-0,05"
472,2018-01-01,1,Salta,"39,78","39,94","0,4"
448,2018-01-01,2,Salta,"39,94","39,43","-1,28"
424,2018-01-01,3,Salta,"39,43","39,8","0,94"
400,2018-01-01,4,Salta,"39,8","40,1","0,75"
376,2019-01-01,1,Salta,"40,1","41,89","4,46"
352,2019-01-01,2,Salta,"41,89","44,48","6,18"
328,2019-01-01,3,Salta,"44,48","50,35","13,2"
304,2019-01-01,4,Salta,"50,35","49,6","-1,49"
280,2020-01-01,1,Salta,"49,6","51,58","3,99"
256,2020-01-01,2,Salta,"51,58","52,32","1,43"
232,2020-01-01,3,Salta,"52,32","54,04","3,29"
208,2020-01-01,4,Salta,"54,04","53,93","-0,2"
184,2021-01-01,1,Salta,"53,93","54,93","1,85"
160,2021-01-01,2,Salta,"54,93","55,96","1,88"
136,2021-01-01,3,Salta,"55,96","56,81","1,52"
112,2021-01-01,4,Salta,"56,81","56,11","-1,23"
88,2022-01-01,1,Salta,"56,11","57,54","2,55"
64,2022-01-01,2,Salta,"57,54","57,76","0,38"
40,2022-01-01,3,Salta,"57,76","57,96","0,35"
16,2022-01-01,4,Salta,"57,96","27,6","-52,38"
857,2014-01-01,1,San Juan,"27,6","27,78","0,65"
833,2014-01-01,2,San Juan,"27,78","27,85","0,25"
809,2014-01-01,3,San Juan,"27,85","28,04","0,68"
785,2014-01-01,4,San Juan,"28,04","27,55","-1,75"
761,2015-01-01,1,San Juan,"27,55","27,64","0,33"
737,2015-01-01,2,San Juan,"27,64","27,67","0,11"
713,2015-01-01,3,San Juan,"27,67","27,66","-0,04"
689,2015-01-01,4,San Juan,"27,66","27,33","-1,19"
665,2016-01-01,1,San Juan,"27,33","27,34","0,04"
641,2016-01-01,2,San Juan,"27,34","27,32","-0,07"
617,2016-01-01,3,San Juan,"27,32","27,29","-0,11"
593,2016-01-01,4,San Juan,"27,29","27,04","-0,92"
569,2017-01-01,1,San Juan,"27,04","26,96","-0,3"
545,2017-01-01,2,San Juan,"26,96","32,37","20,07"
521,2017-01-01,3,San Juan,"32,37","30,3","-6,39"
497,2017-01-01,4,San Juan,"30,3","32,61","7,62"
473,2018-01-01,1,San Juan,"32,61","32,95","1,04"
449,2018-01-01,2,San Juan,"32,95","33,05","0,3"
425,2018-01-01,3,San Juan,"33,05","31,9","-3,48"
401,2018-01-01,4,San Juan,"31,9","31,83","-0,22"
377,2019-01-01,1,San Juan,"31,83","35,6","11,84"
353,2019-01-01,2,San Juan,"35,6","37,06","4,1"
329,2019-01-01,3,San Juan,"37,06","32,85","-11,36"
305,2019-01-01,4,San Juan,"32,85","32,39","-1,4"
281,2020-01-01,1,San Juan,"32,39","35,09","8,34"
257,2020-01-01,2,San Juan,"35,09","38,79","10,54"
233,2020-01-01,3,San Juan,"38,79","36,32","-6,37"
209,2020-01-01,4,San Juan,"36,32","39,06","7,54"
185,2021-01-01,1,San Juan,"39,06","39,28","0,56"
161,2021-01-01,2,San Juan,"39,28","39,46","0,46"
137,2021-01-01,3,San Juan,"39,46","39,59","0,33"
113,2021-01-01,4,San Juan,"39,59","43,55","10,0"
89,2022-01-01,1,San Juan,"43,55","49,46","13,57"
65,2022-01-01,2,San Juan,"49,46","50,8","2,71"
41,2022-01-01,3,San Juan,"50,8","50,88","0,16"
17,2022-01-01,4,San Juan,"50,88","9,35","-81,62"
858,2014-01-01,1,San Luis,"9,35","9,72","3,96"
834,2014-01-01,2,San Luis,"9,72","9,71","-0,1"
810,2014-01-01,3,San Luis,"9,71","9,79","0,82"
786,2014-01-01,4,San Luis,"9,79","9,72","-0,72"
762,2015-01-01,1,San Luis,"9,72","9,71","-0,1"
738,2015-01-01,2,San Luis,"9,71","9,71","0,0"
714,2015-01-01,3,San Luis,"9,71","9,71","0,0"
690,2015-01-01,4,San Luis,"9,71","9,59","-1,24"
666,2016-01-01,1,San Luis,"9,59","9,6","0,1"
642,2016-01-01,2,San Luis,"9,6","9,63","0,31"
618,2016-01-01,3,San Luis,"9,63","9,64","0,1"
594,2016-01-01,4,San Luis,"9,64","9,55","-0,93"
570,2017-01-01,1,San Luis,"9,55","9,51","-0,42"
546,2017-01-01,2,San Luis,"9,51","15,48","62,78"
522,2017-01-01,3,San Luis,"15,48","10,59","-31,59"
498,2017-01-01,4,San Luis,"10,59","15,15","43,06"
474,2018-01-01,1,San Luis,"15,15","15,15","0,0"
450,2018-01-01,2,San Luis,"15,15","52,35","245,54"
426,2018-01-01,3,San Luis,"52,35","67,55","29,04"
402,2018-01-01,4,San Luis,"67,55","67,34","-0,31"
378,2019-01-01,1,San Luis,"67,34","81,79","21,46"
354,2019-01-01,2,San Luis,"81,79","85,23","4,21"
330,2019-01-01,3,San Luis,"85,23","74,92","-12,1"
306,2019-01-01,4,San Luis,"74,92","76,31","1,86"
282,2020-01-01,1,San Luis,"76,31","78,41","2,75"
258,2020-01-01,2,San Luis,"78,41","79,96","1,98"
234,2020-01-01,3,San Luis,"79,96","81,68","2,15"
210,2020-01-01,4,San Luis,"81,68","81,24","-0,54"
186,2021-01-01,1,San Luis,"81,24","83,48","2,76"
162,2021-01-01,2,San Luis,"83,48","79,87","-4,32"
138,2021-01-01,3,San Luis,"79,87","80,3","0,54"
114,2021-01-01,4,San Luis,"80,3","80,72","0,52"
90,2022-01-01,1,San Luis,"80,72","81,76","1,29"
66,2022-01-01,2,San Luis,"81,76","81,74","-0,02"
42,2022-01-01,3,San Luis,"81,74","90,27","10,44"
18,2022-01-01,4,San Luis,"90,27","28,94","-67,94"
859,2014-01-01,1,Santa Cruz,"28,94","29,38","1,52"
835,2014-01-01,2,Santa Cruz,"29,38","28,23","-3,91"
811,2014-01-01,3,Santa Cruz,"28,23","27,8","-1,52"
787,2014-01-01,4,Santa Cruz,"27,8","27,99","0,68"
763,2015-01-01,1,Santa Cruz,"27,99","27,07","-3,29"
739,2015-01-01,2,Santa Cruz,"27,07","27,61","1,99"
715,2015-01-01,3,Santa Cruz,"27,61","27,74","0,47"
691,2015-01-01,4,Santa Cruz,"27,74","26,87","-3,14"
667,2016-01-01,1,Santa Cruz,"26,87","26,73","-0,52"
643,2016-01-01,2,Santa Cruz,"26,73","26,84","0,41"
619,2016-01-01,3,Santa Cruz,"26,84","27,05","0,78"
595,2016-01-01,4,Santa Cruz,"27,05","26,52","-1,96"
571,2017-01-01,1,Santa Cruz,"26,52","26,25","-1,02"
547,2017-01-01,2,Santa Cruz,"26,25","33,29","26,82"
523,2017-01-01,3,Santa Cruz,"33,29","28,91","-13,16"
499,2017-01-01,4,Santa Cruz,"28,91","33,55","16,05"
475,2018-01-01,1,Santa Cruz,"33,55","33,33","-0,66"
451,2018-01-01,2,Santa Cruz,"33,33","32,73","-1,8"
427,2018-01-01,3,Santa Cruz,"32,73","23,69","-27,62"
403,2018-01-01,4,Santa Cruz,"23,69","23,67","-0,08"
379,2019-01-01,1,Santa Cruz,"23,67","28,85","21,88"
355,2019-01-01,2,Santa Cruz,"28,85","35,63","23,5"
331,2019-01-01,3,Santa Cruz,"35,63","36,71","3,03"
307,2019-01-01,4,Santa Cruz,"36,71","35,97","-2,02"
283,2020-01-01,1,Santa Cruz,"35,97","35,79","-0,5"
259,2020-01-01,2,Santa Cruz,"35,79","35,95","0,45"
235,2020-01-01,3,Santa Cruz,"35,95","37,0","2,92"
211,2020-01-01,4,Santa Cruz,"37,0","41,65","12,57"
187,2021-01-01,1,Santa Cruz,"41,65","44,01","5,67"
163,2021-01-01,2,Santa Cruz,"44,01","43,75","-0,59"
139,2021-01-01,3,Santa Cruz,"43,75","43,05","-1,6"
115,2021-01-01,4,Santa Cruz,"43,05","43,34","0,67"
91,2022-01-01,1,Santa Cruz,"43,34","43,15","-0,44"
67,2022-01-01,2,Santa Cruz,"43,15","43,19","0,09"
43,2022-01-01,3,Santa Cruz,"43,19","43,53","0,79"
19,2022-01-01,4,Santa Cruz,"43,53","47,85","9,92"
860,2014-01-01,1,Santa Fe,"47,85","48,39","1,13"
836,2014-01-01,2,Santa Fe,"48,39","49,2","1,67"
812,2014-01-01,3,Santa Fe,"49,2","50,0","1,63"
788,2014-01-01,4,Santa Fe,"50,0","50,24","0,48"
764,2015-01-01,1,Santa Fe,"50,24","51,18","1,87"
740,2015-01-01,2,Santa Fe,"51,18","52,15","1,9"
716,2015-01-01,3,Santa Fe,"52,15","52,61","0,88"
692,2015-01-01,4,Santa Fe,"52,61","51,28","-2,53"
668,2016-01-01,1,Santa Fe,"51,28","52,44","2,26"
644,2016-01-01,2,Santa Fe,"52,44","52,67","0,44"
620,2016-01-01,3,Santa Fe,"52,67","52,19","-0,91"
596,2016-01-01,4,Santa Fe,"52,19","51,97","-0,42"
572,2017-01-01,1,Santa Fe,"51,97","52,27","0,58"
548,2017-01-01,2,Santa Fe,"52,27","60,91","16,53"
524,2017-01-01,3,Santa Fe,"60,91","61,71","1,31"
500,2017-01-01,4,Santa Fe,"61,71","62,28","0,92"
476,2018-01-01,1,Santa Fe,"62,28","62,57","0,47"
452,2018-01-01,2,Santa Fe,"62,57","63,41","1,34"
428,2018-01-01,3,Santa Fe,"63,41","65,59","3,44"
404,2018-01-01,4,Santa Fe,"65,59","66,97","2,1"
380,2019-01-01,1,Santa Fe,"66,97","67,42","0,67"
356,2019-01-01,2,Santa Fe,"67,42","68,87","2,15"
332,2019-01-01,3,Santa Fe,"68,87","69,48","0,89"
308,2019-01-01,4,Santa Fe,"69,48","69,52","0,06"
284,2020-01-01,1,Santa Fe,"69,52","70,0","0,69"
260,2020-01-01,2,Santa Fe,"70,0","72,12","3,03"
236,2020-01-01,3,Santa Fe,"72,12","73,58","2,02"
212,2020-01-01,4,Santa Fe,"73,58","73,92","0,46"
188,2021-01-01,1,Santa Fe,"73,92","75,07","1,56"
164,2021-01-01,2,Santa Fe,"75,07","75,02","-0,07"
140,2021-01-01,3,Santa Fe,"75,02","77,09","2,76"
116,2021-01-01,4,Santa Fe,"77,09","77,3","0,27"
92,2022-01-01,1,Santa Fe,"77,3","77,9","0,78"
68,2022-01-01,2,Santa Fe,"77,9","78,55","0,83"
44,2022-01-01,3,Santa Fe,"78,55","78,4","-0,19"
20,2022-01-01,4,Santa Fe,"78,4","16,31","-79,2"
861,2014-01-01,1,Santiago Del Estero,"16,31","16,7","2,39"
837,2014-01-01,2,Santiago Del Estero,"16,7","16,49","-1,26"
813,2014-01-01,3,Santiago Del Estero,"16,49","17,27","4,73"
789,2014-01-01,4,Santiago Del Estero,"17,27","17,06","-1,22"
765,2015-01-01,1,Santiago Del Estero,"17,06","17,11","0,29"
741,2015-01-01,2,Santiago Del Estero,"17,11","17,12","0,06"
717,2015-01-01,3,Santiago Del Estero,"17,12","17,0","-0,7"
693,2015-01-01,4,Santiago Del Estero,"17,0","16,21","-4,65"
669,2016-01-01,1,Santiago Del Estero,"16,21","15,89","-1,97"
645,2016-01-01,2,Santiago Del Estero,"15,89","15,33","-3,52"
621,2016-01-01,3,Santiago Del Estero,"15,33","15,07","-1,7"
597,2016-01-01,4,Santiago Del Estero,"15,07","14,7","-2,46"
573,2017-01-01,1,Santiago Del Estero,"14,7","14,12","-3,95"
549,2017-01-01,2,Santiago Del Estero,"14,12","35,12","148,73"
525,2017-01-01,3,Santiago Del Estero,"35,12","29,13","-17,06"
501,2017-01-01,4,Santiago Del Estero,"29,13","34,99","20,12"
477,2018-01-01,1,Santiago Del Estero,"34,99","35,26","0,77"
453,2018-01-01,2,Santiago Del Estero,"35,26","36,25","2,81"
429,2018-01-01,3,Santiago Del Estero,"36,25","37,4","3,17"
405,2018-01-01,4,Santiago Del Estero,"37,4","37,52","0,32"
381,2019-01-01,1,Santiago Del Estero,"37,52","52,79","40,7"
357,2019-01-01,2,Santiago Del Estero,"52,79","55,3","4,75"
333,2019-01-01,3,Santiago Del Estero,"55,3","42,92","-22,39"
309,2019-01-01,4,Santiago Del Estero,"42,92","42,47","-1,05"
285,2020-01-01,1,Santiago Del Estero,"42,47","43,47","2,35"
261,2020-01-01,2,Santiago Del Estero,"43,47","43,38","-0,21"
237,2020-01-01,3,Santiago Del Estero,"43,38","43,75","0,85"
213,2020-01-01,4,Santiago Del Estero,"43,75","45,67","4,39"
189,2021-01-01,1,Santiago Del Estero,"45,67","46,56","1,95"
165,2021-01-01,2,Santiago Del Estero,"46,56","47,0","0,95"
141,2021-01-01,3,Santiago Del Estero,"47,0","47,05","0,11"
117,2021-01-01,4,Santiago Del Estero,"47,05","47,17","0,26"
93,2022-01-01,1,Santiago Del Estero,"47,17","47,7","1,12"
69,2022-01-01,2,Santiago Del Estero,"47,7","47,98","0,59"
45,2022-01-01,3,Santiago Del Estero,"47,98","48,05","0,15"
21,2022-01-01,4,Santiago Del Estero,"48,05","63,97","33,13"
862,2014-01-01,1,Tierra Del Fuego,"63,97","64,36","0,61"
838,2014-01-01,2,Tierra Del Fuego,"64,36","65,69","2,07"
814,2014-01-01,3,Tierra Del Fuego,"65,69","66,14","0,69"
790,2014-01-01,4,Tierra Del Fuego,"66,14","74,23","12,23"
766,2015-01-01,1,Tierra Del Fuego,"74,23","74,51","0,38"
742,2015-01-01,2,Tierra Del Fuego,"74,51","74,86","0,47"
718,2015-01-01,3,Tierra Del Fuego,"74,86","66,46","-11,22"
694,2015-01-01,4,Tierra Del Fuego,"66,46","65,83","-0,95"
670,2016-01-01,1,Tierra Del Fuego,"65,83","67,72","2,87"
646,2016-01-01,2,Tierra Del Fuego,"67,72","68,94","1,8"
622,2016-01-01,3,Tierra Del Fuego,"68,94","70,31","1,99"
598,2016-01-01,4,Tierra Del Fuego,"70,31","68,92","-1,98"
574,2017-01-01,1,Tierra Del Fuego,"68,92","68,46","-0,67"
550,2017-01-01,2,Tierra Del Fuego,"68,46","65,74","-3,97"
526,2017-01-01,3,Tierra Del Fuego,"65,74","59,89","-8,9"
502,2017-01-01,4,Tierra Del Fuego,"59,89","65,2","8,87"
478,2018-01-01,1,Tierra Del Fuego,"65,2","91,61","40,51"
454,2018-01-01,2,Tierra Del Fuego,"91,61","92,77","1,27"
430,2018-01-01,3,Tierra Del Fuego,"92,77","93,59","0,88"
406,2018-01-01,4,Tierra Del Fuego,"93,59","93,38","-0,22"
382,2019-01-01,1,Tierra Del Fuego,"93,38","94,8","1,52"
358,2019-01-01,2,Tierra Del Fuego,"94,8","96,46","1,75"
334,2019-01-01,3,Tierra Del Fuego,"96,46","79,7","-17,38"
310,2019-01-01,4,Tierra Del Fuego,"79,7","76,07","-4,55"
286,2020-01-01,1,Tierra Del Fuego,"76,07","76,37","0,39"
262,2020-01-01,2,Tierra Del Fuego,"76,37","76,81","0,58"
238,2020-01-01,3,Tierra Del Fuego,"76,81","76,27","-0,7"
214,2020-01-01,4,Tierra Del Fuego,"76,27","77,35","1,42"
190,2021-01-01,1,Tierra Del Fuego,"77,35","67,89","-12,23"
166,2021-01-01,2,Tierra Del Fuego,"67,89","94,95","39,86"
142,2021-01-01,3,Tierra Del Fuego,"94,95","98,4","3,63"
118,2021-01-01,4,Tierra Del Fuego,"98,4","98,29","-0,11"
94,2022-01-01,1,Tierra Del Fuego,"98,29","99,86","1,6"
70,2022-01-01,2,Tierra Del Fuego,"99,86","99,51","-0,35"
46,2022-01-01,3,Tierra Del Fuego,"99,51","101,44","1,94"
22,2022-01-01,4,Tierra Del Fuego,"101,44","33,42","-67,05"
863,2014-01-01,1,Tucumán,"33,42","33,94","1,56"
839,2014-01-01,2,Tucumán,"33,94","33,94","0,0"
815,2014-01-01,3,Tucumán,"33,94","35,32","4,07"
791,2014-01-01,4,Tucumán,"35,32","35,08","-0,68"
767,2015-01-01,1,Tucumán,"35,08","35,69","1,74"
743,2015-01-01,2,Tucumán,"35,69","36,61","2,58"
719,2015-01-01,3,Tucumán,"36,61","37,06","1,23"
695,2015-01-01,4,Tucumán,"37,06","36,72","-0,92"
671,2016-01-01,1,Tucumán,"36,72","37,24","1,42"
647,2016-01-01,2,Tucumán,"37,24","37,9","1,77"
623,2016-01-01,3,Tucumán,"37,9","37,98","0,21"
599,2016-01-01,4,Tucumán,"37,98","37,9","-0,21"
575,2017-01-01,1,Tucumán,"37,9","38,19","0,77"
551,2017-01-01,2,Tucumán,"38,19","39,7","3,95"
527,2017-01-01,3,Tucumán,"39,7","39,9","0,5"
503,2017-01-01,4,Tucumán,"39,9","41,18","3,21"
479,2018-01-01,1,Tucumán,"41,18","41,51","0,8"
455,2018-01-01,2,Tucumán,"41,51","41,68","0,41"
431,2018-01-01,3,Tucumán,"41,68","41,76","0,19"
407,2018-01-01,4,Tucumán,"41,76","41,63","-0,31"
383,2019-01-01,1,Tucumán,"41,63","40,14","-3,58"
359,2019-01-01,2,Tucumán,"40,14","39,49","-1,62"
335,2019-01-01,3,Tucumán,"39,49","47,65","20,66"
311,2019-01-01,4,Tucumán,"47,65","47,85","0,42"
287,2020-01-01,1,Tucumán,"47,85","51,78","8,21"
263,2020-01-01,2,Tucumán,"51,78","53,23","2,8"
239,2020-01-01,3,Tucumán,"53,23","54,78","2,91"
215,2020-01-01,4,Tucumán,"54,78","54,82","0,07"
191,2021-01-01,1,Tucumán,"54,82","54,93","0,2"
167,2021-01-01,2,Tucumán,"54,93","54,64","-0,53"
143,2021-01-01,3,Tucumán,"54,64","55,93","2,36"
119,2021-01-01,4,Tucumán,"55,93","57,39","2,61"
95,2022-01-01,1,Tucumán,"57,39","59,31","3,35"
71,2022-01-01,2,Tucumán,"59,31","61,14","3,09"
47,2022-01-01,3,Tucumán,"61,14","61,04","-0,16"
23,2022-01-01,4,Tucumán,"61,04",nan,nan
